병원명,종별,주소,행정동,경도,위도
의료법인 은성의료재단 좋은삼선병원,종합병원,"부산광역시 사상구 가야대로 326, 좋은삼선병원 (주례동)",주례동,129.0082463,35.150416
한국보훈복지의료공단 부산보훈병원,종합병원,"부산광역시 사상구 백양대로 420, (주례동)",주례동,129.006575,35.1533821
미래어린이병원,병원,"부산광역시 사상구 낙동대로 790, 3,4,7층(엄궁동,신우프라자) (엄궁동)",엄궁동,128.972435,35.1310308
부영병원,병원,"부산광역시 사상구 학감대로123번길 76, (학장동)",학장동,128.9840178,35.1412205
사상스마트병원,병원,"부산광역시 사상구 학감대로 269, 지하2~지상10층 (감전동)",감전동,128.9905151,35.1550682
의료법인 영재의료재단 큰솔2병원,병원,"부산광역시 사상구 학장로 189, (학장동)",학장동,128.987223,35.1436636
의료법인센텀의료재단 서부산센텀병원,병원,"부산광역시 사상구 새벽로 226, (괘법동)",괘법동,128.9845613,35.1612103
의료법인영재의료재단 큰솔병원,병원,"부산광역시 사상구 대동로 141, (학장동)",학장동,128.9822913,35.1409207
의료법인현백의료재단사상고려병원,병원,"부산광역시 사상구 사상로 282, 280일부 (덕포동)",덕포동,128.9827982,35.1699298
강림요양병원,요양병원,"부산광역시 사상구 낙동대로 792, (엄궁동)",엄궁동,128.9728208,35.1312796
삼인요양병원,요양병원,"부산광역시 사상구 대동로 95, 5층, 8~10층 (학장동)",학장동,128.9779261,35.1384964
의료법인 강혜의료재단 사랑의요양병원,요양병원,"부산광역시 사상구 대동로 2, 사랑의요양병원 본관 2~10층 (엄궁동)",엄궁동,128.9727544,35.1316291
의료법인 나라의료재단 스마트나라요양병원,요양병원,"부산광역시 사상구 낙동대로 1026, (감전동)",감전동,128.9729491,35.1516516
의료법인 서원의료재단 감로수요양병원,요양병원,"부산광역시 사상구 덕상로 116-38, (모라동)",모라동,128.992465,35.1817016
의료법인 은성의료재단 좋은부산요양병원,요양병원,"부산광역시 사상구 학감대로39번길 67, (학장동)",학장동,128.996512,35.133499
의료법인 은성의료재단 좋은주례요양병원,요양병원,"부산광역시 사상구 가야대로 264, (주례동)",주례동,129.0014726,35.1500632
의료법인 주현의료재단 사상중앙요양병원,요양병원,"부산광역시 사상구 삼덕로5번길 85, (삼락동, 지하1층~지상4층)",삼락동,128.9782163,35.1784013
의료법인 현백의료재단 사상제일요양병원,요양병원,"부산광역시 사상구 사상로 280, (덕포동)",덕포동,128.9827545,35.1697772
의료법인 희경의료재단 한국요양병원,요양병원,"부산광역시 사상구 광장로 33-33, (괘법동)",괘법동,128.9804432,35.1633093
의료법인지석의료재단 효성프라임요양병원,요양병원,"부산광역시 사상구 백양대로 764, (덕포동)",덕포동,128.9886877,35.1749658
학장성심요양병원,요양병원,"부산광역시 사상구 대동로159번길 9, 신관 1~4층 (학장동)",학장동,128.983179,35.1414347
한국보훈복지의료공단 부산요양병원,요양병원,"부산광역시 사상구 백양대로 420, (주례동)",주례동,129.006575,35.1533821
부산시립정신병원,정신병원,"부산광역시 사상구 학감대로39번길 104-36, (학장동)",학장동,128.995075,35.132849
우리병원,정신병원,"부산광역시 사상구 사상로 237, 1,3,4,5층 (괘법동)",괘법동,128.9824301,35.1661174
의료법인 길정의료재단 길정병원,정신병원,"부산광역시 사상구 학감대로39번길 116, (학장동, A동 지하1~ 지상4층, B동 지상1~2층, D동 지상1~지상4층)",학장동,128.99575,35.132207
의료법인 길정의료재단 대남병원,정신병원,"부산광역시 사상구 학감대로39번길 116, (학장동)",학장동,128.99575,35.132207
의료법인 효원의료재단 주례자연병원,정신병원,"부산광역시 사상구 학장로 325, (주례동)",주례동,128.9996328,35.1495627
의료법인주현의료재단사상중앙병원,정신병원,"부산광역시 사상구 삼덕로5번길 85, (삼락동)",삼락동,128.9782163,35.1784013
가본이비인후과의원,의원,"부산광역시 사상구 엄궁북로 22, 2,3층 (엄궁동)",엄궁동,128.9726635,35.1283327
가야신경정신과의원,의원,"부산광역시 사상구 가야대로 288, 202호 (주례동, 창조상가)",주례동,129.004055,35.1500801
강남비뇨의학과의원,의원,"부산광역시 사상구 사상로 194, 괘법동 메디컬센터 12층 (괘법동)",괘법동,128.9847642,35.1625628
금비뇨기과의원,의원,"부산광역시 사상구 백양대로 880, 408호 (모라동, 우신프라자)",모라동,128.9915987,35.1843799
기운찬명성마취통증의학과의원,의원,"부산광역시 사상구 새벽로 166, 2층 (감전동)",감전동,128.9834778,35.1558723
길의원,의원,"부산광역시 사상구 사상로 517, (모라동)",모라동,128.988833,35.1906183
김내과의원,의원,"부산광역시 사상구 대동로 94, 312,313,314호 (학장동, 반도프라자상가)",학장동,128.9783118,35.1379495
김대영내과의원,의원,"부산광역시 사상구 가야대로 274-3, 2층 (주례동)",주례동,129.0026097,35.1501509
김덕근내과의원,의원,"부산광역시 사상구 사상로 275, (덕포동)",덕포동,128.9822467,35.1693883
김상정내과의원,의원,"부산광역시 사상구 백양대로 880, 405호 (모라동, 우신모라아파트상가)",모라동,128.9915986,35.1843799
김영문안과의원,의원,"부산광역시 사상구 백양대로 880, 4층 404호 (모라동, 우신프라자)",모라동,128.9915987,35.1843799
김용준소아청소년과의원,의원,"부산광역시 사상구 가야대로 288, 205호 (주례동, 창조상가)",주례동,129.004055,35.1500801
김이태소아청소년과의원,의원,"부산광역시 사상구 사상로 252, (괘법동)",괘법동,128.982358,35.1672794
김판석정형외과의원,의원,"부산광역시 사상구 사상로 359, (덕포동)",덕포동,128.9844442,35.1767641
김황세외과의원,의원,"부산광역시 사상구 괘감로 100-1, (감전동)",감전동,128.9854051,35.157073
나비산부인과의원,의원,"부산광역시 사상구 사상로 236, 4층 (괘법동)",괘법동,128.9830174,35.1659783
나상옥신경과의원,의원,"부산광역시 사상구 가야대로 274-3, 5~7층 (주례동)",주례동,129.0026097,35.1501509
다나은재활의학과의원,의원,"부산광역시 사상구 백양대로 900, 101호 (모라동)",모라동,128.9911173,35.1866793
대한민국정형외과의원,의원,"부산광역시 사상구 사상로 200, 엠시티빌딩 10층 (괘법동)",괘법동,128.9846023,35.1629712
더조은이비인후과의원,의원,"부산광역시 사상구 사상로 200, 5층 501호 (괘법동)",괘법동,128.9846023,35.1629712
더편한정신건강의학과의원,의원,"부산광역시 사상구 가야대로 272, 메디칼센타 10층 (주례동)",주례동,129.0022775,35.1501098
릴리프여성의원,의원,"부산광역시 사상구 사상로 200, 엠시티빌딩 9층 (괘법동)",괘법동,128.9846023,35.1629712
마음튼튼정신건강의학과의원,의원,"부산광역시 사상구 사상로 194, 괘법동 메디컬센터 9층 (괘법동)",괘법동,128.9847721,35.1625689
맑은유비뇨기과의원,의원,"부산광역시 사상구 낙동대로 786, 502호 (엄궁동)",엄궁동,128.9720865,35.1307295
명인내과의원,의원,"부산광역시 사상구 낙동대로 790, 6층 (엄궁동)",엄궁동,128.972435,35.1310308
모라성모의원,의원,"부산광역시 사상구 백양대로 888, 3층 (모라동, 김상근치과)",모라동,128.9913221,35.1857097
민정식소아청소년과의원,의원,"부산광역시 사상구 사상로 293, 민정식소아과의원 (덕포동)",덕포동,128.9827108,35.1710009
바로척신경외과의원,의원,"부산광역시 사상구 가야대로 276, M-square 메디컬센터 6층 (주례동)",주례동,129.0027505,35.1500418
바른재활의학과의원,의원,"부산광역시 사상구 가야대로 272, 메디칼센타 2,4층 (주례동)",주례동,129.0022775,35.1501098
박만규피부과의원,의원,"부산광역시 사상구 가야대로 272, 3층 (주례동)",주례동,129.0022775,35.1501098
박승원소아청소년과의원,의원,"부산광역시 사상구 가야대로 290-8, (주례동)",주례동,129.0046713,35.1501454
박시영이비인후과의원,의원,"부산광역시 사상구 사상로 246, 5층 (괘법동)",괘법동,128.9826389,35.1667643
박애의원,의원,"부산광역시 사상구 사상로 289, (덕포동)",덕포동,128.9826403,35.1707375
박용기내과의원,의원,"부산광역시 사상구 사상로 235, 2층 (괘법동)",괘법동,128.9825365,35.1658995
박지현산부인과의원,의원,"부산광역시 사상구 가야대로 272, (주례동)",주례동,129.0022775,35.1501098
배가정의학과의원,의원,"부산광역시 사상구 괘감로 115, (감전동)",감전동,128.9870158,35.1568263
배현호내과의원,의원,"부산광역시 사상구 낙동대로 774, 2층 (엄궁동)",엄궁동,128.9713335,35.1298172
봄내과의원,의원,"부산광역시 사상구 가야대로 276, M-square 메디컬센터 4층 (주례동)",주례동,129.0027505,35.1500418
부산구치소부속의원,의원,"부산광역시 사상구 학장로 268, (주례동)",주례동,128.9969924,35.1459428
부산신경외과의원,의원,"부산광역시 사상구 낙동대로 786, 애진빌딩 6층 (엄궁동)",엄궁동,128.9720865,35.1307295
부산정형외과의원,의원,"부산광역시 사상구 사상로 325, (덕포동)",덕포동,128.9836125,35.1737155
부산탑이비인후과의원,의원,"부산광역시 사상구 가야대로 276, M-square 메디컬센터 5층 501호 (주례동)",주례동,129.0027505,35.1500418
사상늘편한재활의학과의원,의원,"부산광역시 사상구 사상로 194, 괘법동 메디컬센터 2,8층 (괘법동)",괘법동,128.9847721,35.1625689
사상미사랑피부과의원,의원,"부산광역시 사상구 사상로 200, (괘법동, M시티)",괘법동,128.9846023,35.1629712
사상사랑성모안과의원,의원,"부산광역시 사상구 사상로 200, 5층 (괘법동, M시티빌딩)",괘법동,128.9846023,35.1629712
사상애플의원,의원,"부산광역시 사상구 사상로 201, 서부시외버스터미널 1동 5층 (괘법동)",괘법동,128.9823001,35.1633069
사상튼튼정형외과의원,의원,"부산광역시 사상구 사상로 204, 3층 (괘법동)",괘법동,128.9843642,35.163378
사회복지법인한국혈우재단부산의원,의원,"부산광역시 사상구 가야대로 272, 메디칼센타 7층 (주례동)",주례동,129.0022775,35.1501098
삼성본정형외과의원,의원,"부산광역시 사상구 가야대로 276, M-square 메디컬센터 8층 801호 (주례동)",주례동,129.0027505,35.1500418
새봄산부인과의원,의원,"부산광역시 사상구 광장로 77, 4층 (괘법동)",괘법동,128.9849405,35.1626268
생명선의원,의원,"부산광역시 사상구 사상로 194, 괘법동 메디컬센터 10,11,13층 (괘법동)",괘법동,128.9847721,35.1625689
서강정형외과의원,의원,"부산광역시 사상구 낙동대로 776, (엄궁동)",엄궁동,128.971517,35.1300259
서정출이비인후과의원,의원,"부산광역시 사상구 운산로 52, 3층 (괘법동)",괘법동,128.9817929,35.1676943
선샤인피부과의원,의원,"부산광역시 사상구 가야대로 276, M-square 메디컬센터 3층 301호 (주례동)",주례동,129.0027505,35.1500418
성모이비인후과의원,의원,"부산광역시 사상구 낙동대로 786, 7층 (엄궁동)",엄궁동,128.9720865,35.1307295
성심마취통증의학과의원,의원,"부산광역시 사상구 사상로 301, (덕포동)",덕포동,128.9829006,35.1716691
센텀안과의원,의원,"부산광역시 사상구 사상로 236, 2층 (괘법동)",괘법동,128.9830174,35.1659783
셀빙강내과의원,의원,"부산광역시 사상구 사상로 231, 1층전체, 2층일부층 (괘법동)",괘법동,128.982685,35.1655765
속편한희망내과의원,의원,"부산광역시 사상구 낙동대로 780, 2, 3층 (엄궁동)",엄궁동,128.9717304,35.1302114
송비뇨기과의원,의원,"부산광역시 사상구 가야대로 278-1, 2층 (주례동)",주례동,129.002983,35.1501467
순산부인과의원,의원,"부산광역시 사상구 가야대로 288, (주례동)",주례동,129.004055,35.1500801
신우내과의원,의원,"부산광역시 사상구 사상로 200, (괘법동)",괘법동,128.9846023,35.1629712
아동의원,의원,"부산광역시 사상구 학감대로49번길 34, 1층 101호 (학장동)",학장동,128.9923612,35.1366767
안호식소아청소년과의원,의원,"부산광역시 사상구 가야대로 274-3, 4층 (주례동)",주례동,129.0026097,35.1501509
양영선내과의원,의원,"부산광역시 사상구 가야대로 272, 5층 (주례동)",주례동,129.0022775,35.1501098
연세김의원,의원,"부산광역시 사상구 새벽시장로 70, (감전동)",감전동,128.9813081,35.1548692
연세내과의원,의원,"부산광역시 사상구 사상로 287, (덕포동)",덕포동,128.9825448,35.1705822
연세윤내과의원,의원,"부산광역시 사상구 사상로 200, 엠시티빌딩 4층 401,402호 (괘법동)",괘법동,128.9846023,35.1629712
예인의원,의원,"부산광역시 사상구 광장로 17, 3층 (괘법동, 이마트)",괘법동,128.9788941,35.1642536
온사랑의원,의원,"부산광역시 사상구 낙동대로 733, 4층 (엄궁동)",엄궁동,128.9683725,35.1276629
우리성모안과의원,의원,"부산광역시 사상구 낙동대로 786, 2층 (엄궁동)",엄궁동,128.9720865,35.1307295
우리항외과의원,의원,"부산광역시 사상구 사상로 237, 스탠다드차타드은행 1층 (괘법동)",괘법동,128.9824301,35.1661174
우일의원,의원,"부산광역시 사상구 백양대로 490, 106동 201호 (주례동, 동일1차아파트)",주례동,128.9988096,35.1534829
윤상경소아청소년과의원,의원,"부산광역시 사상구 백양대로 888, (모라동)",모라동,128.9913221,35.1857097
이건주이비인후과의원,의원,"부산광역시 사상구 백양대로 880, (모라동)",모라동,128.9915987,35.1843799
이승재의원,의원,"부산광역시 사상구 모라로110번길 85, 모라영구임대아파트 2층 206,207,208호 (모라동)",모라동,128.9954755,35.1846481
임용수이비인후과의원,의원,"부산광역시 사상구 대동로 98, 303,304호 (학장동, 반도보라상가)",학장동,128.9793928,35.1374118
장태섭정신건강의학과의원,의원,"부산광역시 사상구 광장로 77, 3층 (괘법동)",괘법동,128.9849405,35.1626268
재원메디컬의원,의원,"부산광역시 사상구 사상로 236, 5,6층 (괘법동)",괘법동,128.9830174,35.1659783
전봉균내과의원,의원,"부산광역시 사상구 대동로 100-1, (학장동)",학장동,128.9789481,35.1384226
정승진내과의원,의원,"부산광역시 사상구 새벽로 167, (감전동)",감전동,128.9830894,35.1561819
정용학내과의원,의원,"부산광역시 사상구 백양대로 900, 3층 301호 (모라동)",모라동,128.9911173,35.1866793
정천규이비인후과의원,의원,"부산광역시 사상구 가야대로 296, (주례동)",주례동,129.0049467,35.1504016
정희내과의원,의원,"부산광역시 사상구 사상로 246, (괘법동)",괘법동,128.9826389,35.1667643
조안영의원,의원,"부산광역시 사상구 학감대로49번길 34, 202,203,204호 (학장동, 도개공아파트상가)",학장동,128.9923612,35.1366767
조은의원,의원,"부산광역시 사상구 새벽로 166, 5층 (감전동)",감전동,128.9861872,35.1556512
좋은성모안과의원,의원,"부산광역시 사상구 백양대로 893, 궁전빌딩 6층 602호 (모라동)",모라동,128.9907076,35.1858648
주례성모안과의원,의원,"부산광역시 사상구 가야대로 276, M-square 메디컬센터 9층 (주례동)",주례동,129.0027505,35.1500418
주례참조은의원,의원,"부산광역시 사상구 냉정로 123, 2층 (주례동)",주례동,129.0134775,35.1497706
참사랑의원,의원,"부산광역시 사상구 덕상로 14, (덕포동)",덕포동,128.989194,35.1725069
참소망연합의원,의원,"부산광역시 사상구 가야대로 300, (주례동)",주례동,129.0054659,35.1504263
참좋은내과의원,의원,"부산광역시 사상구 백양대로 893, 궁전빌딩 6층 601호 (모라동)",모라동,128.9907076,35.1858648
참좋은정형외과신경과의원,의원,"부산광역시 사상구 백양대로 893, 궁전빌딩 501호 일부, 401호, 402호 (모라동)",모라동,128.9907076,35.1858648
척바로마취통증의학과의원,의원,"부산광역시 사상구 사상로 235, 3층 (괘법동)",괘법동,128.9825365,35.1658995
초록마취통증의학과의원,의원,"부산광역시 사상구 대동로 95, 5층 1라호 (학장동, 기산쇼핑스포렉스)",학장동,128.9779261,35.1384964
최가정의원,의원,"부산광역시 사상구 모라로192번길 20-21, 상가가동 201,202호 (모라동, 주공아파트3단지)",모라동,128.9990679,35.182932
큰내과의원,의원,"부산광역시 사상구 광장로 77, 2층 (괘법동)",괘법동,128.9849405,35.1626268
킴스가정의학과의원,의원,"부산광역시 사상구 대동로 107, (학장동)",학장동,128.9792176,35.1390184
팔팔마취통증의학과의원,의원,"부산광역시 사상구 가야대로 272-1, 농협 2층 (주례동)",주례동,129.0024355,35.1501131
퍼스트이비인후과의원,의원,"부산광역시 사상구 사상로 236, 재원메디컬센터 3층 (괘법동)",괘법동,128.9830174,35.1659783
포근한정신건강의학과의원,의원,"부산광역시 사상구 사상로 246, 3층 (괘법동)",괘법동,128.9826389,35.1667643
푸른가정의학과의원,의원,"부산광역시 사상구 운산로 31, (삼락동)",삼락동,128.9802955,35.1688105
필업비뇨기과의원,의원,"부산광역시 사상구 광장로 77, (괘법동)",괘법동,128.9849405,35.1626268
하나메디칼의원,의원,"부산광역시 사상구 사상로 481, 2층 (모라동)",모라동,128.9872885,35.1875041
하나의원,의원,"부산광역시 사상구 백양대로342번길 16, 206호 (주례동, 신주례엘지1단지상가)",주례동,129.0150465,35.1544925
학장마디척의원,의원,"부산광역시 사상구 대동로 95, 7층 1호 (학장동)",학장동,128.9779261,35.1384964
학장성심의원,의원,"부산광역시 사상구 대동로 159, 성심메디컬 본관1~2층 (학장동)",학장동,128.9834682,35.1415331
한국건강관리협회 건강증진의원,의원,"부산광역시 사상구 학감대로 230, (감전동)",감전동,128.9904313,35.1512938
한세신경외과의원,의원,"부산광역시 사상구 새벽로 163, (감전동, 한세신경외과)",감전동,128.9830324,35.15579
허용진내과의원,의원,"부산광역시 사상구 학감대로 120, 201호 (학장동, 현재빌딩)",학장동,128.9888712,35.1417294
화인정형외과의원,의원,"부산광역시 사상구 대동로 103, 성창빌딩 4,5,6층 (학장동)",학장동,128.978887,35.138822
사상연세비앤이치과병원,치과병원,"부산광역시 사상구 학감대로 233, 2~3층 (감전동)",감전동,128.9896945,35.1519836
엘리트치과병원,치과병원,"부산광역시 사상구 가야대로 276, 1~2층 (주례동, M-square 메디컬센터)",주례동,129.0027505,35.1500418
강치과의원,치과의원,"부산광역시 사상구 대동로 102, (학장동)",학장동,128.9790568,35.1385307
고운치과의원,치과의원,"부산광역시 사상구 사상로 236, (괘법동)",괘법동,128.9830174,35.1659783
곽치과의원,치과의원,"부산광역시 사상구 사상로 489-1, (모라동)",모라동,128.9878055,35.1883329
굿모닝유치과의원,치과의원,"부산광역시 사상구 낙동대로 751, 동일메가타워 2층 203호 (엄궁동)",엄궁동,128.9694841,35.128444
그린치과의원,치과의원,"부산광역시 사상구 백양대로 886, 5층 (모라동)",모라동,128.9914681,35.1856103
김정숙치과의원,치과의원,"부산광역시 사상구 사상로 226, 2층 (괘법동)",괘법동,128.9833861,35.1651344
김창영치과의원,치과의원,"부산광역시 사상구 백양대로 903, (모라동)",모라동,128.9905729,35.1869003
다정부부치과의원,치과의원,"부산광역시 사상구 가야대로 278, 4층 (주례동)",주례동,129.0028717,35.150167
단디치과의원,치과의원,"부산광역시 사상구 학감대로 117, 3층 (학장동, (주)세원)",학장동,128.9886006,35.1411562
더플러스치과의원,치과의원,"부산광역시 사상구 가야대로 256, 새한빛병원 5층 (주례동)",주례동,129.0007406,35.1499622
덕성치과의원,치과의원,"부산광역시 사상구 대동로 137, 3층 (학장동)",학장동,128.9821528,35.140406
덕포공감치과의원,치과의원,"부산광역시 사상구 사상로 303, 석천빌딩 2층 (덕포동)",덕포동,128.9829404,35.1718375
디지털에스치과의원,치과의원,"부산광역시 사상구 대동로 103, 성창빌딩 301호 (학장동)",학장동,128.978887,35.138822
마린플란트치과의원,치과의원,"부산광역시 사상구 사상로 194, 괘법동 메디컬센터 4,5,6,7층 (괘법동)",괘법동,128.9847721,35.1625689
맑은미소치과의원,치과의원,"부산광역시 사상구 백양대로 945, 2층 (모라동)",모라동,128.9915338,35.1906074
모라에덴치과의원,치과의원,"부산광역시 사상구 모라로110번길 121, (모라동)",모라동,128.9980449,35.1844321
미래치과의원,치과의원,"부산광역시 사상구 사상로 295, (덕포동)",덕포동,128.9827828,35.1711785
바른강치과의원,치과의원,"부산광역시 사상구 사상로 325, 부산정형외과 2층 (덕포동)",덕포동,128.9836125,35.1737155
박경호치과의원,치과의원,"부산광역시 사상구 가야대로 272-1, 4층 유창빌딩 (주례동)",주례동,129.0024355,35.1501131
박용수치과의원,치과의원,"부산광역시 사상구 백양대로 887, (모라동)",모라동,128.9908684,35.1854193
백년미소치과의원,치과의원,"부산광역시 사상구 운산로 52, 한사랑 약국 5층 (괘법동)",괘법동,128.9817929,35.1676943
부산센텀치과의원,치과의원,"부산광역시 사상구 새벽로 228, 2,3층 (괘법동)",괘법동,128.9845439,35.1614279
부산유펜치과의원,치과의원,"부산광역시 사상구 대동로 94, 학장반도보라타운 3층 310호 (학장동)",학장동,128.9783118,35.1379495
사상맥치과의원,치과의원,"부산광역시 사상구 사상로 297, 3층 (덕포동)",덕포동,128.9827951,35.1713581
사상아름다운치과의원,치과의원,"부산광역시 사상구 사상로 201, 5층 (괘법동, 서부터미널 별관)",괘법동,128.9809858,35.1631462
사상치과의원,치과의원,"부산광역시 사상구 사상로 215, 3층 (괘법동)",괘법동,128.9834106,35.1642442
세인트치과의원,치과의원,"부산광역시 사상구 사상로 200, 603호 (괘법동, 엠시빌딩)",괘법동,128.9846023,35.1629712
센트럴치과의원,치과의원,"부산광역시 사상구 광장로 81, 우주빌딩 2층 (괘법동)",괘법동,128.9855768,35.1626798
수치과의원,치과의원,"부산광역시 사상구 냉정로 120, 1층 101호 (주례동, 경동윈츠빌)",주례동,129.0132889,35.1493872
스마일치과의원,치과의원,"부산광역시 사상구 낙동대로 782, 2층 (엄궁동)",엄궁동,128.9717839,35.1304211
시카고치과의원,치과의원,"부산광역시 사상구 사상로 252, (괘법동)",괘법동,128.982358,35.1672794
신모라치과의원,치과의원,"부산광역시 사상구 백양대로 893, (모라동)",모라동,128.9907076,35.1858648
신주례부부치과의원,치과의원,"부산광역시 사상구 백양대로342번길 17, 2동 201호 (주례동, 신주엘지아파트상가)",주례동,129.0132729,35.1540681
안은영치과의원,치과의원,"부산광역시 사상구 가야대로 296, (주례동)",주례동,129.0049467,35.1504016
엄궁치과의원,치과의원,"부산광역시 사상구 엄궁북로 40, 202호 (엄궁동)",엄궁동,128.974493,35.1278818
에이스부부치과의원,치과의원,"부산광역시 사상구 사상로 218, (괘법동)",괘법동,128.9837365,35.1645505
열린치과의원,치과의원,"부산광역시 사상구 덕상로 14, (덕포동)",덕포동,128.989194,35.1725069
예인부부치과의원,치과의원,"부산광역시 사상구 사상로 246, 4층 (괘법동)",괘법동,128.9826389,35.1667643
우리탑치과의원,치과의원,"부산광역시 사상구 가야대로 290, 4~5층 (주례동)",주례동,129.0043863,35.1501236
이그린치과의원,치과의원,"부산광역시 사상구 새벽로 166, (감전동)",감전동,128.9834778,35.1558723
이명학치과의원,치과의원,"부산광역시 사상구 백양대로 880, 상가동 407호 (모라동, 우신모라아파트)",모라동,128.9915987,35.1843799
이상주치과의원,치과의원,"부산광역시 사상구 엄궁북로 19, (엄궁동)",엄궁동,128.9726281,35.1286479
이앤이치과의원,치과의원,"부산광역시 사상구 광장로 17, 이마트 3층 (괘법동)",괘법동,128.9788941,35.1642536
조세규치과의원,치과의원,"부산광역시 사상구 새벽로 167, (감전동)",감전동,128.9830894,35.1561819
조윤일치과의원,치과의원,"부산광역시 사상구 엄궁북로 21, (엄궁동)",엄궁동,128.9727405,35.1286403
조은치과의원,치과의원,"부산광역시 사상구 광장로 77, 6층 (괘법동)",괘법동,128.9849405,35.1626268
주례서현치과의원,치과의원,"부산광역시 사상구 백양대로 490, 주례1차동일아파트 106동 2층 203호 (주례동)",주례동,128.9988096,35.1534829
주례정치과의원,치과의원,"부산광역시 사상구 가야대로 274-3, 3층 (주례동)",주례동,129.0026097,35.1501509
주례치과의원,치과의원,"부산광역시 사상구 가야대로 278-1, 5층 (주례동, 동원빌딩)",주례동,129.002983,35.1501467
채움치과의원,치과의원,"부산광역시 사상구 광장로 76, 송원센터빌딩 4층 401호 (괘법동)",괘법동,128.9847341,35.1615769
패밀리치과의원,치과의원,"부산광역시 사상구 가야대로282번길 1, 4층 (주례동)",주례동,129.0034252,35.1501641
하나부부치과의원,치과의원,"부산광역시 사상구 가야대로 272, 8층 (주례동)",주례동,129.0022775,35.1501098
하얀이치과의원,치과의원,"부산광역시 사상구 사상로 478, 2층 (모라동, 동한빌딩)",모라동,128.9876058,35.1871123
한국건강관리협회 건강증진치과의원,치과의원,"부산광역시 사상구 학감대로 230, 3층 (감전동)",감전동,128.9904313,35.1512938
해맑은치과의원,치과의원,"부산광역시 사상구 학감대로 120, 2층 (학장동, 현재빌딩)",학장동,128.9888712,35.1417294
행복나눔치과의원,치과의원,"부산광역시 사상구 낙동대로 733, 롯데마트 사상점 4층 (엄궁동)",엄궁동,128.9683725,35.1276629
현대부부치과의원,치과의원,"부산광역시 사상구 운산로 31, (삼락동)",삼락동,128.9802955,35.1688105
부산광역시 사상구보건소,보건소,"부산광역시 사상구 학감대로 242, (감전동)",감전동,128.99125,35.152624
휘림한방병원,한방병원,"부산광역시 사상구 백양대로804번길 36, 지하2층~3층 (덕포동)",덕포동,128.9909871,35.1788564
강철민한의원,한의원,"부산광역시 사상구 운산로 47-1, (덕포동)",덕포동,128.9817635,35.1680607
강한의원,한의원,"부산광역시 사상구 가야대로282번길 8, 2층 (주례동)",주례동,129.0027587,35.1499402
경희배한의원,한의원,"부산광역시 사상구 백양대로 884, (모라동)",모라동,128.9914489,35.1851093
경희새힘한의원,한의원,"부산광역시 사상구 사상로 272, (덕포동)",덕포동,128.9825486,35.1690678
고려한의원,한의원,"부산광역시 사상구 사상로 299, (덕포동)",덕포동,128.9829208,35.1715221
고운그대한의원,한의원,"부산광역시 사상구 낙동대로 751, 동일메가타워 3층 (엄궁동)",엄궁동,128.9694841,35.128444
광명한의원,한의원,"부산광역시 사상구 모라로110번길 25, 1층 (모라동)",모라동,128.9924533,35.1852877
김세일한의원,한의원,"부산광역시 사상구 낙동대로 768, (엄궁동)",엄궁동,128.9709228,35.1293754
김영길한의원,한의원,"부산광역시 사상구 삼덕로46번길 103, 1층 (덕포동)",덕포동,128.9807549,35.1695098
늘벗한의원,한의원,"부산광역시 사상구 사상로 515, (모라동)",모라동,128.9887197,35.1904407
드림한의원,한의원,"부산광역시 사상구 사상로 289-4, 1층 (덕포동, 정할인마트)",덕포동,128.9824932,35.1707551
마이비한의원,한의원,"부산광역시 사상구 엄궁북로 19, 2층 (엄궁동)",엄궁동,128.9726281,35.1286479
명진한의원,한의원,"부산광역시 사상구 가야대로 290, 2,3층 (주례동)",주례동,129.0043863,35.1501236
몸편한한의원,한의원,"부산광역시 사상구 백양대로 893, 궁전빌딩 5층 (모라동)",모라동,128.9907076,35.1858648
무림한의원,한의원,"부산광역시 사상구 학감대로 105, (학장동)",학장동,128.9889419,35.1405127
민강한의원,한의원,"부산광역시 사상구 백양대로 490, (주례동)",주례동,128.9988096,35.1534829
백문기한의원,한의원,"부산광역시 사상구 광장로87번길 61, (괘법동)",괘법동,128.9844859,35.1651644
백양한의원,한의원,"부산광역시 사상구 백양대로 900, 2층 (모라동, 백양빌딩)",모라동,128.9911173,35.1866793
봄한의원,한의원,"부산광역시 사상구 가야대로 278-1, 3층 (주례동)",주례동,129.002983,35.1501467
부광한의원,한의원,"부산광역시 사상구 백양대로 949-6, (모라동)",모라동,128.9915684,35.1912819
부영한의원,한의원,"부산광역시 사상구 낙동대로1210번길 96, (괘법동)",괘법동,128.9820272,35.1669945
삼대한의원,한의원,"부산광역시 사상구 사상로 149, (괘법동)",괘법동,128.987194,35.1590991
소담한의원,한의원,"부산광역시 사상구 대동로 106, 101호 (학장동, 목화아파트상가)",학장동,128.9795504,35.1388094
송원당한의원,한의원,"부산광역시 사상구 사상로250번길 14, 1층 (괘법동)",괘법동,128.9831694,35.1668887
신모라대추나무한의원,한의원,"부산광역시 사상구 백양대로 888, (모라동)",모라동,128.9913221,35.1857097
엄궁한의원,한의원,"부산광역시 사상구 엄궁북로 23, (엄궁동)",엄궁동,128.9728878,35.1286312
예담한의원,한의원,"부산광역시 사상구 낙동대로 733, 롯데마트 사상점 4층 (엄궁동)",엄궁동,128.9683725,35.1276629
용한의원,한의원,"부산광역시 사상구 사상로 299, (덕포동)",덕포동,128.9829208,35.1715221
우성한의원,한의원,"부산광역시 사상구 광장로 22, (괘법동)",괘법동,128.978921,35.1623739
은행나무한의원,한의원,"부산광역시 사상구 엄궁로203번길 40, 2층 (엄궁동, 송학빌딩)",엄궁동,128.971823,35.1288889
이성록한의원,한의원,"부산광역시 사상구 대동로 107, 명정빌딩 3층 (학장동)",학장동,128.9792176,35.1390184
자연한의원,한의원,"부산광역시 사상구 새벽로 166, 4층 (감전동)",감전동,128.9834778,35.1558723
장인한의원,한의원,"부산광역시 사상구 가야대로282번길 1, 3층 (주례동)",주례동,129.0034252,35.1501641
정선한의원,한의원,"부산광역시 사상구 모라로110번길 85, (모라동)",모라동,128.9954755,35.1846481
제일한의원,한의원,"부산광역시 사상구 가야대로 282, 2층 (주례동)",주례동,129.0035235,35.1502571
참조은한의원,한의원,"부산광역시 사상구 사상로 243-1, 2층 (괘법동, 김경택의원)",괘법동,128.9822918,35.1665505
창명한의원,한의원,"부산광역시 사상구 사상로310번길 9, (덕포동)",덕포동,128.984111,35.1724104
청남한의원,한의원,"부산광역시 사상구 대동로 91, (학장동)",학장동,128.9778452,35.1383216
태웅한의원,한의원,"부산광역시 사상구 백양대로342번길 22, 엘지신주례아파트 상가 2층 207,208,209호 (주례동)",주례동,129.014439,35.1545088
토닥토닥한의원,한의원,"부산광역시 사상구 사상로 194, 괘법동 메디컬센터 3층 (괘법동)",괘법동,128.9847721,35.1625689
학장제일한의원,한의원,"부산광역시 사상구 대동로 95, 3층 (학장동)",학장동,128.9779261,35.1384964
황성윤한의원,한의원,"부산광역시 사상구 학감대로 124, 1층 (학장동)",학장동,128.9887327,35.1420345
힘찬한의원,한의원,"부산광역시 사상구 가야대로 272, 메디칼센타 (주례동)",주례동,129.0022775,35.1501098
